Parameter, Mean, SD, MC Error, Lower 95% HPD, Upper 95% HPD, q2.5, q25, q50, q75, q97.5
NTOTH2, 12.6773092878, 0.0, 0.0, 12.6773092878, 12.6773092878, 12.6773092878, 12.6773092878, 12.6773092878, 12.6773092878, 12.6773092878
TEMP, 16.2666013743, 18.7262349084, 3.74524698168, 2.13208832672, 76.9254016136, 2.13208832672, 9.81713249261, 9.81713249261, 18.9483569156, 76.9254016136
B, 0.507041341484, 0.128830634122, 0.0257661268244, 0.218793398294, 0.655097686336, 0.218793398294, 0.551146174097, 0.551146174097, 0.551146174097, 0.655097686336
A_Z, 2.25158188038, 0.0158213480301, 0.00316426960602, 2.23220476552, 2.26449995695, 2.23220476552, 2.23220476552, 2.26449995695, 2.26449995695, 2.26449995695
N_HI, 21.5512664642, 3.5527136788e-15, 7.1054273576e-16, 21.5512664642, 21.5512664642, 21.5512664642, 21.5512664642, 21.5512664642, 21.5512664642, 21.5512664642
B_HI, 88.1261506639, 6.18564288462, 1.23712857692, 73.9530622936, 90.825786544, 73.9530622936, 90.825786544, 90.825786544, 90.825786544, 90.825786544
A_Z_HI, -24.7783544359, 10.8057283673, 2.16114567347, -39.8382691723, -13.7304412554, -39.8382691723, -34.8829631533, -23.1457526741, -15.3079433288, -6.77396224863
