Parameter, Mean, SD, MC Error, Lower 95% HPD, Upper 95% HPD, q2.5, q25, q50, q75, q97.5
NH2, 20.0932773747, 0.0, 3.5527136788e-16, 20.0932773747, 20.0932773747, 20.0932773747, 20.0932773747, 20.0932773747, 20.0932773747, 20.0932773747
B, 23.8126295905, 1.01874862687, 0.0931505756739, 21.733097678, 24.9158806473, 21.2134344576, 23.3580780818, 24.2598215252, 24.5701323961, 24.8711175155
A_Z, 210.034297494, 6.58011007545, 0.651199929473, 200.285506826, 223.393789326, 200.285506826, 205.040845401, 208.237062157, 216.079858664, 223.393789326
N_HI, 21.9501553332, 3.5527136788e-15, 7.1054273576e-16, 21.9501553332, 21.9501553332, 21.9501553332, 21.9501553332, 21.9501553332, 21.9501553332, 21.9501553332
B_HI, 61.0483084813, 26.154808679, 2.43871202406, 17.8420833987, 98.5882005123, 7.07613510882, 40.4784167517, 66.1247800728, 82.1830576337, 97.4693026742
A_Z_HI, 14.15242882, 50.3897543018, 4.93273474343, -69.6592998699, 95.7950119836, -80.7844592153, -35.3982757739, 21.7078039645, 60.5375985836, 89.9838170384
