Parameter, Mean, SD, MC Error, Lower 95% HPD, Upper 95% HPD, q2.5, q25, q50, q75, q97.5
B, 16.5975068132, 0.745445683371, 0.372722841685, 15.8520611299, 17.3429524966, 15.8520611299, 15.8520611299, 17.3429524966, 17.3429524966, 17.3429524966
A_Z, 6.07027819376, 1.0088305797, 0.504415289849, 4.60794555105, 7.00859826124, 4.60794555105, 5.65597070149, 7.00859826124, 7.00859826124, 7.00859826124
NH2J0, 19.1650241801, 0.390813376637, 0.195406688319, 18.4881155555, 19.3906603883, 18.4881155555, 19.3906603883, 19.3906603883, 19.3906603883, 19.3906603883
NH2J1, 12.848007768, 1.11209326355, 0.556046631774, 11.9259528072, 14.6813606237, 11.9259528072, 11.9921053157, 12.7926123253, 14.6813606237, 14.6813606237
NH2J2, 18.191994343, 0.67705415613, 0.338527078065, 17.8010969437, 19.3646865409, 17.8010969437, 17.8010969437, 17.8010969437, 19.3646865409, 19.3646865409
NH2J3, 14.9291641918, 0.0, 0.0, 14.9291641918, 14.9291641918, 14.9291641918, 14.9291641918, 14.9291641918, 14.9291641918, 14.9291641918
N_HI, 21.9509972921, 0.0, 0.0, 21.9509972921, 21.9509972921, 21.9509972921, 21.9509972921, 21.9509972921, 21.9509972921, 21.9509972921
B_HI, 71.7404487647, 21.7154666247, 10.8577333123, 34.1281572607, 84.277879266, 34.1281572607, 84.277879266, 84.277879266, 84.277879266, 84.277879266
A_Z_HI, -53.3130210195, 23.4879330596, 11.7439665298, -91.4199299935, -28.7167278088, -91.4199299935, -51.9590776528, -41.1563486229, -28.7167278088, -28.7167278088
