Parameter, Mean, SD, MC Error, Lower 95% HPD, Upper 95% HPD, q2.5, q25, q50, q75, q97.5
NTOTCO, 13.3605399027, 0.0342456609211, 0.00365307892095, 13.3400297649, 13.4177377743, 13.3400297649, 13.3400297649, 13.3400297649, 13.4176858541, 13.4177377743
TEMP, 250.256420911, 147.70481676, 14.8778469093, 56.6410532469, 540.29764463, 62.9578962471, 138.462548058, 208.362104236, 333.583992637, 583.765162089
B, 0.458674280245, 0.58795318958, 0.00996600072971, 0.2098825971, 1.74552137398, 0.2098825971, 0.215451622696, 0.262254000518, 0.395713550177, 2.50131220168
A_Z, -2.15261191743, 0.442083720207, 0.0396681386234, -2.45234232412, -0.655653536155, -2.64339099201, -2.36512552586, -2.24376660966, -2.06146848156, -0.769870118799
