Parameter, Mean, SD, MC Error, Lower 95% HPD, Upper 95% HPD, q2.5, q25, q50, q75, q97.5
NTOTCO, 6.4464567924, 2.90799888756, 1.30049663822, 3.06576238528, 9.53544819098, 3.06576238528, 3.06576238528, 7.02986280948, 9.53544819098, 9.53544819098
TEMP, 111.48567985, 60.4146054601, 27.0182329285, 37.621270618, 167.215508374, 37.621270618, 37.621270618, 157.485174819, 157.485174819, 167.215508374
B, 4.06977676135, 1.27301365067, 0.569309011837, 2.05758134233, 5.41205947378, 2.05758134233, 3.11003872482, 4.84467959226, 4.92452467357, 5.41205947378
A_Z, 1.12492036276, 1.18225097095, 0.528718707502, -0.273362544108, 2.97806244349, -0.273362544108, 0.138703844778, 0.897921250354, 1.88327681931, 2.97806244349
