Parameter, Mean, SD, MC Error, Lower 95% HPD, Upper 95% HPD, q2.5, q25, q50, q75, q97.5
MH2S, 0.253623371751, 0.0707053847877, 0.0162209277397, 0.165832814431, 0.317460238523, 0.165832814431, 0.165832814431, 0.317460238523, 0.317460238523, 0.317460238523
A_Z, 21.5477587556, 5.08751046203, 1.16715494622, 10.5201835486, 26.6231534012, 10.5201835486, 20.3496308889, 24.678056329, 25.6213325497, 26.6231534012
N_SiII, 12.0126941363, 4.43066696416, 1.01646471312, 6.0051363431, 16.5718561015, 6.0051363431, 6.74383319236, 15.694043017, 15.694043017, 16.5718561015
B_SiII, 22.0046859822, 4.47482426224, 1.02659509206, 17.1841330489, 27.4003264681, 17.1841330489, 17.8878807589, 22.6140872977, 27.4003264681, 27.4003264681
A_Z_SiII, 93.8536935014, 44.2771874805, 10.1578834596, 16.4958192582, 143.768278453, 16.4958192582, 42.305707536, 108.711443347, 135.530236285, 143.768278453
N_FeII, 10.8629625529, 2.2849984097, 0.524214587055, 7.09358982175, 15.9196828533, 7.09358982175, 8.13968409797, 11.7645213821, 11.7645213821, 15.9196828533
B_FeII, 9.83130981795, 5.74960428007, 1.31904968538, 2.40130105789, 26.5328718014, 2.40130105789, 6.78654608609, 6.93795489598, 14.0453863992, 26.5328718014
A_Z_FeII, 50.240180464, 50.1111159994, 11.4962784521, -25.4163966411, 107.093233539, -25.4163966411, -21.6969106481, 60.2364578909, 95.1131250118, 107.093233539
