Parameter, Mean, SD, MC Error, Lower 95% HPD, Upper 95% HPD, q2.5, q25, q50, q75, q97.5
MH2S, 0.104647351159, 0.00547453647215, 0.000999509039228, 0.0974524006439, 0.108812848826, 0.0974524006439, 0.0974524006439, 0.108812848826, 0.108812848826, 0.108812848826
A_Z, 20.2662122211, 1.48828056394, 0.271721612256, 17.6285599832, 22.0426698015, 17.6285599832, 19.3799747511, 20.6780500616, 21.8309698394, 22.0426698015
N_GeII, 12.5876605478, 0.718809527077, 0.131236064177, 10.8502309521, 12.8866766221, 10.4956426401, 12.8344420402, 12.8866766221, 12.8866766221, 12.8866766221
B_GeII, 17.1663278827, 6.21039837211, 1.1338584265, 4.48505557038, 28.326699293, 4.48505557038, 13.1930775909, 17.9584658929, 21.0146460352, 28.353563702
A_Z_GeII, -29.605189189, 42.7303973338, 7.80146750363, -66.0264173364, 26.6411557238, -66.0264173364, -66.0264173364, -44.6259690662, 16.630345152, 82.9362585038
N_FeII, 15.1402191375, 0.424553948082, 0.0775125914142, 14.2911112413, 15.3524961115, 14.2911112413, 15.3524961115, 15.3524961115, 15.3524961115, 15.3524961115
B_FeII, 27.1361861169, 1.93783800719, 0.353799196442, 25.3235046434, 29.2078220866, 25.3235046434, 25.3235046434, 25.3235046434, 29.2078220866, 29.2078220866
A_Z_FeII, 17.6216222811, 0.197888828881, 0.0361293918188, 17.4237334522, 17.81951111, 17.4237334522, 17.4237334522, 17.81951111, 17.81951111, 17.81951111
