Parameter, Mean, SD, MC Error, Lower 95% HPD, Upper 95% HPD, q2.5, q25, q50, q75, q97.5
a, 1.14549015838, 0.0664022214281, 0.0043718932766, 1.01651721048, 1.26091769462, 1.02078735539, 1.09966631645, 1.14623029216, 1.18459102187, 1.27771654702
v01, 3.71160270564, 11.9800731232, 0.636771145559, -21.2952538073, 24.4114619169, -21.1589945769, -4.09424400505, 4.81934990087, 11.6678726442, 25.1112932392
b1, 47.1697134829, 25.7562367785, 2.35874042514, 5.17169786488, 90.8862519483, 6.12620897513, 23.6972196422, 48.1023945593, 66.9967548285, 95.0966932146
N1, 16.2353865953, 1.15289709814, 0.111802436447, 14.963944775, 18.147529827, 14.963944775, 15.2325527103, 15.6618285816, 17.6366819144, 18.19906585
Osc, 0.05399224
GAMMA, 243400000.0