Parameter, Mean, SD, MC Error, Lower 95% HPD, Upper 95% HPD, q2.5, q25, q50, q75, q97.5
NTOTH2, 19.4019631753, 0.42854049239, 0.0437021610134, 18.6694610812, 19.6437672592, 18.6694610812, 19.2261221843, 19.401829999, 19.5072433229, 20.279386715
TEMP, 19.3412165202, 14.4575668597, 1.41178404925, 13.7868076334, 25.9617342249, 13.7868076334, 15.145613959, 15.145613959, 25.9617342249, 25.9617342249
B, 3.60440957443, 2.0015853238, 0.176953926163, 0.213581080198, 6.30721916624, 0.290188830838, 2.40253474767, 3.65603173184, 4.7529962375, 8.39685213842
A_Z, -31.736346018, 24.997403307, 2.14036885619, -76.8598990914, -26.6934397761, -76.8598990914, -33.6184318175, -30.8805245926, -30.0587763806, 51.4517244109
N_HI, 21.635997922, 0.0957310624665, 0.00957939579352, 21.5034211117, 21.7213651825, 21.5034211117, 21.5336143921, 21.7213651825, 21.7213651825, 21.7213651825
B_HI, 19.8181541517, 11.2508317389, 0.655123473241, 2.3696240121, 39.4814880225, 1.06773475928, 9.96250123494, 19.3092493831, 30.0291197341, 38.9163238235
A_Z_HI, -23.2098907877, 49.39351907, 3.76572681891, -99.3619552722, 69.5351058134, -96.5691601526, -63.9221566782, -28.8674917199, 10.8372249464, 82.2204138367
