Parameter, Mean, SD, MC Error, Lower 95% HPD, Upper 95% HPD, q2.5, q25, q50, q75, q97.5
NTOTH2, 19.2235922364, 0.319959478735, 0.0323673618442, 18.8323548773, 19.5176136565, 18.8323548773, 18.9957677553, 19.2289563888, 19.4706123211, 19.5176136565
TEMP, 27.3501344387, 7.24986065891, 0.712657070006, 16.7204754312, 37.7685102203, 4.9100354296, 22.3669629468, 27.3236525416, 35.112404819, 37.7685102203
B, 0.00552995901752, 0.00451686241072, 0.000416271964499, 1.90484732404e-05, 0.0136819117952, 0.00013957950791, 0.00155856700413, 0.00428551943281, 0.00924656093953, 0.0143099476583
A_Z, -83.3698694579, 61.2419492683, 6.04051987088, -149.737877802, -28.1055801713, -149.737877802, -149.229170231, -36.0347567245, -33.2142347202, -1.17720683322
N_HI, 21.7018677802, 0.0852260882975, 0.00779455392939, 21.5598216112, 21.829647444, 21.5504039873, 21.6714297078, 21.6896550596, 21.7648946345, 21.829647444
B_HI, 20.0766675131, 11.1788266623, 0.662875821338, 2.09429487941, 38.7884280546, 1.79946325683, 10.4260869331, 20.7198712983, 29.2097011388, 38.7884280546
A_Z_HI, -20.8672363161, 51.4438481488, 3.78851362464, -99.6689280986, 74.9440849355, -97.5629775568, -63.817242243, -26.5316898485, 17.2941719592, 82.8963108572
