Parameter, Mean, SD, MC Error, Lower 95% HPD, Upper 95% HPD, q2.5, q25, q50, q75, q97.5
a, 1.01900717678, 0.00791348143782, 0.000309313364857, 1.0040716651, 1.03548934987, 1.0036429321, 1.01369987392, 1.01886092791, 1.02421010401, 1.03521986327
v01, -223.897173285, 5.02454103068, 0.192536894855, -234.396845147, -214.573871776, -234.62632144, -226.675802239, -223.580833872, -220.79500812, -214.573871776
b1, 17.036214054, 8.00125163183, 0.367635043445, 5.63849591631, 30.9435668231, 6.31182665927, 10.9463870683, 15.9818769161, 21.7823599613, 35.9304045557
N1, 13.5042617956, 0.123687149596, 0.00587273415059, 13.2447580078, 13.7086446293, 13.2298357366, 13.4312752165, 13.5093905715, 13.5922285712, 13.7050129407
v02, 0.529372563916, 200.836720662, 6.03956087736, -338.132029617, 321.996037288, -332.585322621, -179.144055304, 7.46444130536, 169.582781627, 331.635120449
b2, 53.6968645356, 26.8693965967, 0.751159415395, 11.0518312928, 98.9974369696, 8.65173853499, 29.3684625821, 55.2847309526, 75.8683473964, 97.5814653822
N2, 4.95535875741, 3.60705442407, 0.126425988461, 0.00866033844983, 11.8792903411, 0.163546078072, 1.83381665178, 4.23972589679, 7.62619047277, 12.4897141558
Osc, 0.05872927
GAMMA, 544600000.0