Parameter, Mean, SD, MC Error, Lower 95% HPD, Upper 95% HPD, q2.5, q25, q50, q75, q97.5
NTOTH2, 15.9439546545, 0.164531353403, 0.0161425752538, 15.7639851542, 16.208615672, 15.6035850435, 15.8232408429, 16.0175015412, 16.0345447235, 16.208615672
TEMP, 280.503633728, 69.8485747609, 5.75859601218, 170.452453296, 421.880291123, 170.452453296, 226.816954762, 273.312701184, 327.472924029, 421.880291123
B, 25.1690924391, 3.87575203028, 0.36855162015, 18.157075126, 29.9801851852, 17.575222213, 21.9147467836, 26.4051686398, 28.6060707131, 29.9023465161
A_Z, 4.28814970267, 3.78587701414, 0.372380972099, -2.30851302706, 11.2874289339, -1.99449594475, 1.28374774023, 4.32086493977, 6.89997087083, 11.8428433596
N_HI, 21.9388616208, 0.0, 3.5527136788e-16, 21.9388616208, 21.9388616208, 21.9388616208, 21.9388616208, 21.9388616208, 21.9388616208, 21.9388616208
B_HI, 45.4132146846, 29.3574325583, 2.32071847066, 0.611104961327, 93.507559305, 2.78825316811, 19.8672220945, 44.0031608573, 68.9674493718, 96.5641092856
A_Z_HI, -66.0583462241, 55.071781629, 5.42015764433, -180.793590599, 35.593275983, -188.248568241, -91.9090632026, -65.4521795728, -29.6186283355, 29.785411065
