Parameter, Mean, SD, MC Error, Lower 95% HPD, Upper 95% HPD, q2.5, q25, q50, q75, q97.5
a, 0.981003973096, 0.0269481494133, 0.00107227357936, 0.927329131599, 1.02511142954, 0.92975288586, 0.960333455093, 0.981634410052, 1.00006335716, 1.03074691345
sigma1, 20.153202749, 0.276416032021, 0.0104877318031, 19.6153689637, 20.7186608588, 19.607015574, 19.9863896737, 20.1459269203, 20.3218409106, 20.7186608588
v01, 0.648736271052, 4.3943331507, 0.141477003161, -8.05374894037, 9.30894170989, -8.12724638995, -2.17961131093, 0.744170911166, 3.4286442293, 9.30894170989
A1, 107.926351866, 6.38737853405, 0.233592891458, 94.8360623543, 120.355038378, 95.0154792058, 103.739695343, 108.021161427, 112.041376881, 120.772578017
Osc, 0.00208
GAMMA, 2380000.0