Parameter, Mean, SD, MC Error, Lower 95% HPD, Upper 95% HPD, q2.5, q25, q50, q75, q97.5
a, 1.02224902353, 0.00291736924519, 0.000203004789658, 1.01659950617, 1.02769411575, 1.01690116241, 1.01999417313, 1.02226209319, 1.02389380614, 1.02855541477
sigma1, 11.8987527122, 3.62462274512, 0.228583458876, 5.71293186031, 19.6809498755, 4.04665726327, 9.72211763683, 11.9409819829, 14.0303375299, 18.7143032194
v01, 55.0620106304, 1.7810346782, 0.0861404851668, 50.7537456475, 57.8940591663, 51.2495814901, 54.0055788326, 55.0240816431, 56.2877967038, 58.6416734222
A1, 7.49858485601, 0.711504463772, 0.0501413242816, 6.43874082174, 9.0840028317, 6.31635988557, 6.96737002473, 7.40203384134, 7.971366212, 9.0167263368
sigma2, 0.453036815873, 0.272527991278, 0.0217494265411, 0.00718004192917, 0.879231785647, 0.0110409299403, 0.196979695598, 0.436898379473, 0.692279740717, 0.921380874427
v02, -15.6942571584, 0.711669600322, 0.0451134642336, -17.1783659455, -14.5632405655, -17.0300323659, -16.1225290826, -15.6895907027, -15.2355846773, -14.3129364573
A2, 144.576626865, 23.5728210719, 1.87310271536, 100.810461531, 186.529306585, 100.810461531, 129.380930246, 144.484261154, 161.922979734, 186.957148579
Osc, 0.00262071
GAMMA, 255000000.0