Parameter, Mean, SD, MC Error, Lower 95% HPD, Upper 95% HPD, q2.5, q25, q50, q75, q97.5
a, 0.980545572774, 0.00055607705048, 2.91524962281e-05, 0.980000613119, 0.981639450722, 0.980025513916, 0.980156339586, 0.980326213168, 0.980813178098, 0.982122872445
sigma1, 42.7881193706, 1.98791119454, 0.118226226828, 38.96545519, 46.3833863008, 39.1275767271, 41.3417227537, 42.7294365626, 44.0564395752, 46.586442908
v01, 303.915952616, 2.3765543393, 0.130171179453, 299.40117522, 308.667037306, 298.583357358, 302.256110523, 304.104647745, 305.463681539, 308.599719536
A1, -82.3435206047, 3.55041423163, 0.223329056106, -89.400064087, -75.1080506134, -89.7059170646, -84.524906741, -82.2102473822, -80.1656089145, -75.1151162109
sigma2, 79.7910405206, 0.183472959996, 0.0107354283285, 79.4348165606, 79.9990081865, 79.324950021, 79.7148187066, 79.8462041859, 79.9185056026, 79.9881014417
v02, -101.035235799, 1.19258711212, 0.0560670434782, -103.690002001, -99.0266641365, -103.550746528, -101.863069155, -101.037590296, -100.139608775, -98.7882060311
A2, -372.497842152, 3.86646215273, 0.186741700413, -379.164248985, -364.551455826, -380.614665884, -375.325019229, -372.50774702, -369.83519995, -365.126256745
Osc, 0.00208
GAMMA, 2380000.0