Parameter, Mean, SD, MC Error, Lower 95% HPD, Upper 95% HPD, q2.5, q25, q50, q75, q97.5
a, 0.994264331634, 0.00239974218928, 0.000174285473445, 0.989912577067, 0.99887648897, 0.989912577067, 0.992553401851, 0.99404805114, 0.995898101006, 0.998956217706
sigma1, 16.2155006327, 6.57656964855, 0.540607364406, 5.3703121904, 30.2635037134, 6.23941949196, 11.4342771791, 15.2444531595, 19.5690778561, 32.8118493804
v01, 56.5864312477, 2.34386506718, 0.171523704405, 51.9534045394, 60.1383079523, 50.9413227808, 55.1555263216, 56.9685270678, 58.3486418781, 60.0810254322
A1, 5.62028779388, 0.799707729181, 0.06812211024, 4.32505150968, 7.29997276104, 4.37807622762, 5.04465846826, 5.48975584471, 6.04819837779, 7.45507984005
Osc, 0.00218568
GAMMA, 311000000.0