Parameter, Mean, SD, MC Error, Lower 95% HPD, Upper 95% HPD, q2.5, q25, q50, q75, q97.5
a, 1.02631275402, 0.0290685256113, 0.000575015099943, 0.968928975062, 1.08272826297, 0.968928975062, 1.00650543199, 1.02601726275, 1.04621129028, 1.08272826297
sigma1, 20.0661690161, 0.281744961175, 0.00533562641921, 19.5068984763, 20.5932667091, 19.5115607038, 19.8721080135, 20.0700043872, 20.2577237425, 20.6042822249
v01, 2.27975851173, 3.96608781974, 0.0693509728588, -5.26411875739, 10.0936965457, -5.47561763904, -0.47188374551, 2.31617872485, 5.09496670455, 9.97151332063
A1, 1361.54415528, 849.302854134, 23.7399192524, 300.267997308, 2983.78182487, 430.848133092, 782.350627633, 1153.16779516, 1693.94678866, 3608.52866101
Osc, 0.00208
GAMMA, 2380000.0