Parameter, Mean, SD, MC Error, Lower 95% HPD, Upper 95% HPD, q2.5, q25, q50, q75, q97.5
a, 0.986896575267, 0.0084108090684, 0.000417775661785, 0.971339033319, 1.00418940518, 0.972353218827, 0.981193154112, 0.985893133792, 0.99175693975, 1.00524155981
v01, 8.62307128595, 105.911092079, 4.0707085842, -162.571531838, 179.742988378, -172.301829023, -81.8055945982, 15.1433230442, 101.050722511, 172.588946343
b1, 14.8522375298, 5.13733355253, 0.191477612122, 4.21369700513, 24.4728843503, 4.5812241485, 11.5432175544, 14.7853845861, 18.2496571145, 25.3287084777
N1, 5.26374663664, 3.70899453018, 0.166466662264, 0.0134922858102, 12.1653769863, 0.205996247493, 2.16759965338, 4.49907252907, 8.01610115315, 12.7805325125
v02, 98.3319517682, 2.18798227589, 0.0925487543996, 94.212313167, 102.813075905, 94.1102983954, 96.7602433776, 98.1561800668, 99.7974276485, 102.796080194
b2, 17.694729965, 3.2515134072, 0.169614791446, 11.1846311968, 24.5040176736, 10.5178658861, 15.6600998524, 17.7448268763, 19.8391854644, 24.0290061536
N2, 14.3950692581, 0.0633062688569, 0.00322439864939, 14.2628702724, 14.4927669175, 14.2743416215, 14.355056197, 14.3932932793, 14.4281595533, 14.5309152164
Osc, 0.03282899
GAMMA, 230200000.0