Parameter, Mean, SD, MC Error, Lower 95% HPD, Upper 95% HPD, q2.5, q25, q50, q75, q97.5
NH2, 19.3666638393, 0.0, 0.0, 19.3666638393, 19.3666638393, 19.3666638393, 19.3666638393, 19.3666638393, 19.3666638393, 19.3666638393
B, 1.92618053231, 1.54738421488, 0.893382692999, 0.832014660869, 4.11451227519, 0.832014660869, 0.832014660869, 0.832014660869, 4.11451227519, 4.11451227519
A_Z, 3.26975712182, 0.750557039269, 0.433334308664, 2.3443276817, 4.18268186766, 2.3443276817, 2.3443276817, 3.28226181609, 4.18268186766, 4.18268186766
N_H1, 0.658553334477, 0.0, 0.0, 0.658553334477, 0.658553334477, 0.658553334477, 0.658553334477, 0.658553334477, 0.658553334477, 0.658553334477
B_H1, 20.3312953193, 3.53912243376, 2.04331328983, 16.8021893593, 25.1694682732, 16.8021893593, 16.8021893593, 19.0222283253, 25.1694682732, 25.1694682732
A_Z_H1, -3.24735680079, 0.538416620836, 0.310854980976, -3.77415335816, -2.50782542438, -3.77415335816, -3.77415335816, -3.46009161982, -2.50782542438, -2.50782542438
