Parameter, Mean, SD, MC Error, Lower 95% HPD, Upper 95% HPD, q2.5, q25, q50, q75, q97.5
NTOTH2, 20.8656576661, 0.0, 0.0, 20.8656576661, 20.8656576661, 20.8656576661, 20.8656576661, 20.8656576661, 20.8656576661, 20.8656576661
TEMP, 379.663053051, 159.040292638, 71.1249811001, 99.8424501833, 549.301824616, 99.8424501833, 338.975446666, 398.724392192, 511.471151596, 549.301824616
B, 2.95796892628, 0.341968656608, 0.15293303247, 2.67875268738, 3.37679328464, 2.67875268738, 2.67875268738, 2.67875268738, 3.37679328464, 3.37679328464
A_Z, 4.97132161891, 4.43752673375, 1.98452228573, -3.0564675496, 8.72650840476, -3.0564675496, 3.54537758587, 6.91468124876, 8.72650840476, 8.72650840476
N_HI, 20.4417885143, 0.0, 0.0, 20.4417885143, 20.4417885143, 20.4417885143, 20.4417885143, 20.4417885143, 20.4417885143, 20.4417885143
B_HI, 10.5633662575, 3.40237569341, 1.52158866709, 4.38539625208, 14.3406503913, 4.38539625208, 9.85723517845, 11.8709739012, 12.3625755642, 14.3406503913
A_Z_HI, 0.675770535529, 0.281443680675, 0.125865440366, 0.28747110126, 1.09727448134, 0.28747110126, 0.453939454676, 0.752595535353, 0.787572105012, 1.09727448134
