Parameter, Mean, SD, MC Error, Lower 95% HPD, Upper 95% HPD, q2.5, q25, q50, q75, q97.5
MH2S, 0.0884295271261, 0.00653733417815, 0.00119354846511, 0.0794403020971, 0.0940731293715, 0.0754774867828, 0.0794403020971, 0.0929514621664, 0.0929514621664, 0.0940731293715
A_Z, 9.33031135321, 3.68914885681, 0.673543348957, 3.89222605431, 15.7820032181, 3.89222605431, 5.99036270003, 9.98079167368, 11.9792011875, 15.7820032181
N_SiII, 9.74553250068, 6.39812456585, 1.16813238348, 0.827112647484, 17.5674826744, 0.827112647484, 2.88052229915, 7.93660456998, 17.2841930353, 17.5674826744
B_SiII, 7.45149542188, 5.84842211052, 1.06777090525, 0.139106223182, 18.9775231962, 0.139106223182, 4.26440889516, 5.70977807028, 10.3859462823, 27.0264370142
A_Z_SiII, 8.84467585283, 3.02225190965, 0.551785181792, 4.46318374688, 13.206562903, 3.04741908342, 6.71851720547, 8.37830711925, 11.7571581098, 13.206562903
N_FeII, 15.8258635472, 0.0, 0.0, 15.8258635472, 15.8258635472, 15.8258635472, 15.8258635472, 15.8258635472, 15.8258635472, 15.8258635472
B_FeII, 21.5872815709, 2.4244009843, 0.442633035846, 14.4453932739, 23.2112435171, 14.4453932739, 22.3890523581, 22.3890523581, 22.9016217849, 23.2112435171
A_Z_FeII, 8.81839995003, 2.19046613236, 0.399922570715, 5.84545254415, 13.4308037368, 5.84545254415, 6.96429408603, 8.43932496447, 9.77254192433, 13.7239340713
