Parameter, Mean, SD, MC Error, Lower 95% HPD, Upper 95% HPD, q2.5, q25, q50, q75, q97.5
a, 1.02318674692, 0.00779876393662, 0.000414223743466, 1.00773583983, 1.03745186843, 1.00868934266, 1.01779570062, 1.02282526294, 1.0284861157, 1.03936160962
v01, 2.59243071701, 0.744875202976, 0.0421051791312, 1.23370617694, 4.02043504025, 1.14115670732, 2.08876926857, 2.62329024167, 3.11267867978, 3.97904754904
b1, 15.8044854879, 1.40779926214, 0.0738173868894, 13.1331251843, 18.3953614674, 13.1331251843, 14.95931622, 15.7730414639, 16.6128298045, 18.4808699636
N1, 15.6447953035, 0.0236603530975, 0.00129571721515, 15.595810172, 15.6928441233, 15.5984817163, 15.6304904193, 15.642607212, 15.6604227138, 15.6970344183
v02, 72.0006965881, 0.965447940955, 0.0473933653887, 70.1191103806, 73.8966575639, 70.1191103806, 71.3077209772, 72.0257485684, 72.6649667935, 73.943241117
b2, 13.4135563682, 1.72556797716, 0.0948052817123, 10.0874204523, 16.6531837432, 9.92045440606, 12.2102208363, 13.5084073558, 14.7514969913, 16.6436249427
N2, 15.4426540177, 0.031480468884, 0.00162388696446, 15.3739215087, 15.4992148855, 15.3747634941, 15.4254386881, 15.4438825634, 15.4628266814, 15.5041477801
Osc, 0.00208
GAMMA, 2380000.0