Parameter, Mean, SD, MC Error, Lower 95% HPD, Upper 95% HPD, q2.5, q25, q50, q75, q97.5
MH2S, 0.0905022002142, 0.0036463809297, 0.000311004521974, 0.0858636671839, 0.0987408428279, 0.0858636671839, 0.0880578787602, 0.0895382241582, 0.0922316483567, 0.0994781223215
A_Z, 25.4030046589, 2.09916102756, 0.17931517074, 22.0982096436, 28.9648457851, 22.345058384, 23.9711031993, 25.2270203838, 26.7422684525, 30.1174731962
N_SiIV, 15.9811666068, 0.139246130753, 0.0118013092764, 15.8630878246, 16.2417151131, 15.8630878246, 15.9070345477, 15.9805896363, 16.0356521105, 16.2618858174
B_SiIV, 29.6236329505, 0.44231388079, 0.0437129132209, 28.1871653786, 29.9587120263, 28.1871653786, 29.6385415901, 29.7603932042, 29.8865412675, 29.9587120263
A_Z_SiIV, 0.532017946172, 0.831290961356, 0.0756394590986, -1.10119462906, 1.53904097942, -1.10119462906, 0.0627725198811, 0.449294051333, 0.827917550486, 1.53904097942
