Parameter, Mean, SD, MC Error, Lower 95% HPD, Upper 95% HPD, q2.5, q25, q50, q75, q97.5
MH2S, 0.244185019383, 0.0114823395412, 0.00209637879322, 0.231278793665, 0.256512867799, 0.231278793665, 0.231278793665, 0.251862205979, 0.256512867799, 0.256512867799
A_Z, -12.5908934116, 3.93859005362, 0.719084872378, -16.6257806237, -5.3923927201, -17.3716082698, -16.4272408619, -13.9819692865, -8.95336527215, -5.3923927201
N_SiII, 6.0323629658, 3.48892283372, 0.636987245809, 1.78404812352, 16.314916785, 1.42620783718, 4.30382770607, 5.67166018055, 6.141002818, 16.314916785
B_SiII, 8.63799043144, 5.08283902726, 0.927995197132, 0.308506612143, 17.7260047553, 0.308506612143, 5.09501022604, 7.85851759677, 11.5734461523, 20.1473940098
A_Z_SiII, 11.4574196414, 2.51565414024, 0.459293506497, 7.66296288943, 15.4374340263, 7.66296288943, 9.51126283967, 11.2766357516, 13.8836879872, 16.4686485412
N_FeII, 9.11542653388, 5.12261128317, 0.935256584375, 0.0163310888899, 12.5042265836, 0.0163310888899, 3.73702273273, 12.5042265836, 12.5042265836, 12.5042265836
B_FeII, 9.50088173125, 4.54464580623, 0.829735007982, 1.53042153855, 18.0217812463, 0.329069636371, 6.15863726541, 10.1606074944, 12.0763158981, 18.0217812463
A_Z_FeII, 5.93647898111, 1.36463296192, 0.249146751987, 4.22791853734, 9.16488365561, 4.22791853734, 4.79358863605, 5.72951428317, 6.52305711243, 9.27487643637
