Parameter, Mean, SD, MC Error, Lower 95% HPD, Upper 95% HPD, q2.5, q25, q50, q75, q97.5
a, 0.980076174209, 8.92598141972e-05, 7.47336536917e-06, 0.980000504347, 0.980263104767, 0.980000504347, 0.980020232383, 0.980040538077, 0.980097948162, 0.980272236805
sigma1, 79.9952389987, 0.00470685171561, 0.000372743036047, 79.985833303, 79.9999918958, 79.9793544479, 79.9939519644, 79.9967584403, 79.9985126154, 79.9999918958
v01, -304.082152919, 0.415351646422, 0.0339394389901, -304.789564984, -303.130160567, -304.952291429, -304.371854103, -304.098951742, -303.805681874, -303.264637277
A1, -559.875059277, 1.34842355843, 0.0930288763801, -562.303930154, -557.327011785, -562.359530092, -560.89565181, -559.87552385, -558.853652516, -557.327011785
sigma2, 79.9933986845, 0.00671847252434, 0.000433049363174, 79.9805095386, 79.9999655046, 79.9750904501, 79.9897277243, 79.9953708169, 79.998435363, 79.9999655046
v02, -94.5139128601, 0.703132667469, 0.0570311477541, -96.0041186982, -93.2426231723, -95.9560827864, -94.9539630812, -94.5045857158, -93.9956930406, -93.0788844519
A2, -439.217831324, 1.82943953914, 0.09531763827, -442.649535999, -435.403139442, -443.083418043, -440.480940682, -439.252343326, -438.199134485, -435.422682158
Osc, 0.0276
GAMMA, 542400000.0