Parameter, Mean, SD, MC Error, Lower 95% HPD, Upper 95% HPD, q2.5, q25, q50, q75, q97.5
a, 0.969857927069, 0.0122281843388, 0.000829190734791, 0.946328947243, 0.990397247828, 0.945400088101, 0.962191928945, 0.969710189498, 0.9785540835, 0.990397247828
v01, -12.0790643721, 121.827593009, 7.17298033289, -187.593536263, 206.126963325, -196.202027462, -117.867760945, -32.3533547454, 100.711610985, 203.478293206
b1, 14.8061801649, 4.76025276002, 0.286253833066, 5.81579388485, 24.0345225323, 5.16794770251, 11.7446327723, 14.8760722805, 18.1212246304, 23.9889133368
N1, 5.4225536103, 3.90362112609, 0.300554168353, 0.00171541479773, 12.799325442, 0.0408066399741, 1.92969382195, 5.00801325005, 8.24787830573, 13.2739321792
v02, 9.44932085183, 2.4683712591, 0.195981966831, 3.70815475572, 13.3584362289, 3.94232143694, 8.01512450212, 9.40408109508, 11.0416868506, 14.467800954
b2, 22.1305463606, 3.63771949398, 0.247729016632, 14.7489121038, 28.5973321826, 14.8791957218, 19.9465815325, 22.1004642562, 24.3510913379, 29.7489927867
N2, 14.2778334732, 0.0507452373062, 0.00397204527314, 14.1932965613, 14.3737715922, 14.1680188778, 14.2318665381, 14.2796906215, 14.3130864169, 14.3676476816
Osc, 0.05872927
GAMMA, 544600000.0