Parameter, Mean, SD, MC Error, Lower 95% HPD, Upper 95% HPD, q2.5, q25, q50, q75, q97.5
a, 0.998209654642, 0.0108342152172, 0.00073953383423, 0.980947208537, 1.02034140114, 0.980689145763, 0.990203063978, 0.997692954297, 1.00455643306, 1.02034140114
sigma1, 11.7386574403, 0.839071636344, 0.0446860296209, 10.4210403569, 13.5787571752, 10.2972908193, 11.1877374828, 11.6671111681, 12.1832170307, 13.5427952299
v01, 65.7393095594, 0.922993689127, 0.0554090162081, 63.7446848569, 67.3350367766, 63.7876397343, 65.097938428, 65.7266035838, 66.2825446332, 67.5449463087
A1, 22.8860022241, 1.59435098216, 0.0761614959403, 19.773806828, 25.9551965441, 19.9082847226, 21.8151198355, 22.9174502582, 23.921887499, 26.1047621644
sigma2, 13.5228492517, 0.803702354114, 0.046320948382, 11.9993002863, 15.0586161867, 12.0352614686, 12.9272201519, 13.5065569526, 14.0490625523, 15.1697149753
v02, -3.64436805704, 0.76439170371, 0.0428913103391, -4.97939188924, -2.25080749534, -5.21695249013, -4.14108691853, -3.67709882336, -3.13215985886, -2.30367039601
A2, 37.1142240424, 2.21926753929, 0.146120413071, 33.157124018, 42.1496531407, 32.9012367647, 35.7244016169, 36.9260670376, 38.5834714183, 42.0296051752
Osc, 0.00208
GAMMA, 2380000.0