Parameter, Mean, SD, MC Error, Lower 95% HPD, Upper 95% HPD, q2.5, q25, q50, q75, q97.5
a, 0.98013397681, 0.000130331617576, 9.86005057406e-06, 0.980000756733, 0.980394453339, 0.980004035344, 0.980028966633, 0.980089086621, 0.980205537885, 0.980457718204
sigma1, 79.8156637167, 0.193275357907, 0.00936178358163, 79.4352219449, 79.9983462301, 79.3270736717, 79.7305269615, 79.8798960301, 79.9522601072, 79.9951479159
v01, -101.118986317, 1.24812233353, 0.0631804898961, -103.623959362, -98.7837929035, -103.623959362, -101.962771291, -101.109572675, -100.274557812, -98.7837929035
A1, -372.536813185, 3.80838904692, 0.177434270379, -379.955537313, -365.465969858, -379.913579228, -375.060573997, -372.739116749, -369.855396908, -365.355400374
Osc, 0.00208
GAMMA, 2380000.0