Parameter, Mean, SD, MC Error, Lower 95% HPD, Upper 95% HPD, q2.5, q25, q50, q75, q97.5
a, 0.98724590272, 0.0279031332347, 0.000635001277644, 0.929513174477, 1.04263382443, 0.926808700753, 0.969692450131, 0.987979939331, 1.00629940528, 1.04200761294
sigma1, 20.1783136829, 0.280320503281, 0.00528470820235, 19.6443580405, 20.730522748, 19.6342392206, 19.9852294914, 20.1852216575, 20.3696861709, 20.7265616292
v01, 0.404837237137, 3.56771505974, 0.0684301290444, -6.72144308167, 7.39707372717, -6.56055574206, -2.03916222125, 0.436680841035, 2.73086928996, 7.59168547365
A1, 17207.2481474, 2204.56758052, 57.3392597461, 12910.5553613, 19999.5446422, 11860.9866423, 15924.6448176, 17691.8718539, 18967.1113915, 19916.6899332
Osc, 0.133
GAMMA, 1130000000.0