Parameter, Mean, SD, MC Error, Lower 95% HPD, Upper 95% HPD, q2.5, q25, q50, q75, q97.5
NTOTCO, 9.18614715273, 5.5066924277, 0.328612221987, 0.137867342462, 18.0744324155, 0.457690685646, 4.41232507163, 9.35619620055, 13.5869705518, 18.8919836288
TEMP, 33710319.9809, 22377508.9045, 2223004.84221, 45523.2619128, 71351733.386, 767469.048285, 15990163.0315, 28920990.8771, 54543628.8665, 75084033.9307
B, 169747.515061, 147171.496884, 14088.1226947, 142.845341892, 469144.83189, 6121.70569191, 49927.6308083, 127922.620553, 257293.949466, 508170.964806
A_Z, 1394756.74839, 1002152.25327, 99371.7271451, -439846.732191, 2967845.67555, -339442.157356, 602933.656504, 1312163.42998, 2350952.38661, 3133219.88828
BG, 1.05302100665, 0.00628506024513, 0.000500535545919, 1.03919307085, 1.06408237932, 1.04110609476, 1.04856112904, 1.05245357653, 1.05717666072, 1.06808469601
