Parameter, Mean, SD, MC Error, Lower 95% HPD, Upper 95% HPD, q2.5, q25, q50, q75, q97.5
a, 0.984226162431, 0.0109600972299, 0.000792516960365, 0.960058445201, 1.00257232694, 0.96260794966, 0.976646805176, 0.984601211492, 0.990702790005, 1.00619360317
sigma1, 37.7250360621, 22.243489644, 1.51292001318, 7.66149046773, 89.5986916867, 11.0085519898, 21.9340464297, 32.5164675819, 47.1607133136, 101.073486135
v01, 29.9702366495, 30.0917040962, 2.46221521928, -28.0687278634, 78.0763010646, -42.9702751119, 15.2059047323, 37.128747567, 50.8029186456, 75.8005755621
A1, 21.4010789729, 10.3977854033, 0.853279944295, 0.553665789362, 40.069436888, 1.89115235784, 13.907708545, 20.7510448747, 28.2177658055, 43.5386808738
sigma2, 22.4558722181, 17.8471746476, 1.60149021622, 9.0773479774, 60.5582830537, 10.1208713445, 14.7114374268, 17.7902666157, 21.1593667579, 95.4031373582
v02, -8.35767606014, 16.4261629974, 0.999265162546, -18.2157073623, 36.8543530865, -18.1374158262, -13.6106218666, -11.8829430289, -8.85717426976, 40.1568449612
A2, 32.2656516307, 9.69401596834, 0.864069731588, 14.0174540865, 52.1001050486, 12.1660772694, 26.100589435, 32.753799841, 38.0461908922, 50.8650813674
Osc, 0.02773176
GAMMA, 230600000.0