Parameter, Mean, SD, MC Error, Lower 95% HPD, Upper 95% HPD, q2.5, q25, q50, q75, q97.5
a, 0.927663852236, 0.0220671183235, 0.000518563605938, 0.900050001248, 0.971560681235, 0.900978931401, 0.910289718822, 0.922670806974, 0.940593608053, 0.982152478899
sigma1, 20.1403832991, 0.280903329715, 0.00560175215496, 19.6387035312, 20.7362325679, 19.607332871, 19.9553133194, 20.1382952129, 20.3257677916, 20.7112343891
v01, 16.8816705453, 6.67887699985, 0.124913833713, 3.97555473538, 29.8411155445, 3.88713402416, 12.3658994495, 16.9508662574, 21.4207022409, 29.7792611225
A1, 16679.3228654, 2738.01494471, 61.1469154262, 11234.6895365, 19997.2921576, 9869.7919336, 15148.614206, 17396.0938981, 18839.6832359, 19878.8637064
Osc, 0.0863
GAMMA, 1010000000.0