Parameter, Mean, SD, MC Error, Lower 95% HPD, Upper 95% HPD, q2.5, q25, q50, q75, q97.5
a, 0.95639451848, 0.0130861370414, 0.000864973301975, 0.931039771122, 0.98109708635, 0.931217205106, 0.948682428134, 0.956874897473, 0.964876226663, 0.981415685122
sigma1, 12.6367656437, 3.42790116991, 0.19242185523, 7.28519596889, 18.1920397096, 7.51801765802, 10.507738297, 12.3868875186, 14.1080678926, 19.4735435677
v01, 60.0489368167, 4.14416619737, 0.220787659051, 52.9570636559, 68.9653155719, 52.7904148314, 57.1623138578, 59.9935022813, 62.6726461885, 68.9653155719
A1, 8.31376217711, 2.61127437443, 0.130080594875, 3.46041406188, 13.2590212394, 3.55485701096, 6.48718148226, 8.19744351817, 10.0608204488, 13.5652743459
sigma2, 13.6439758167, 1.73180535371, 0.102917580103, 10.4837023536, 16.8559915728, 10.5753844665, 12.464815592, 13.5603268418, 14.6628551363, 17.1230807881
v02, -4.45454158487, 0.508902127242, 0.0282412418279, -4.99638783119, -3.44018194164, -4.96369936807, -4.83873912567, -4.59967958209, -4.24183557098, -3.03353445724
A2, 14.439523212, 1.96274682824, 0.126431501945, 10.8301247504, 18.1425262567, 10.9668462249, 13.1359189665, 14.397556896, 15.8331118627, 18.5976369372
Osc, 0.04269857
GAMMA, 317300000.0