Parameter, Mean, SD, MC Error, Lower 95% HPD, Upper 95% HPD, q2.5, q25, q50, q75, q97.5
NH2, 17.3943618525, 0.0, 0.0, 17.3943618525, 17.3943618525, 17.3943618525, 17.3943618525, 17.3943618525, 17.3943618525, 17.3943618525
B, 11.208857258, 0.728610494294, 0.420663465015, 10.1795378479, 11.7645784113, 10.1795378479, 10.1795378479, 11.6824555149, 11.7645784113, 11.7645784113
A_Z, 7.74357455101, 0.714267473972, 0.412382518371, 6.75794101443, 8.42786438589, 6.75794101443, 6.75794101443, 8.04491825272, 8.42786438589, 8.42786438589
N_H1, 8.43277138307, 1.65564371756, 0.955886346013, 7.26205448316, 10.7742051829, 7.26205448316, 7.26205448316, 7.26205448316, 10.7742051829, 10.7742051829
B_H1, 7.36787719297, 3.70830856385, 2.14099294758, 3.2564604277, 12.243074491, 3.2564604277, 3.2564604277, 6.60409666025, 12.243074491, 12.243074491
A_Z_H1, 1.88300269534, 0.856676302797, 0.494602294028, 0.9002235189, 2.98794770031, 0.9002235189, 0.9002235189, 1.76083686681, 2.98794770031, 2.98794770031
