Parameter, Mean, SD, MC Error, Lower 95% HPD, Upper 95% HPD, q2.5, q25, q50, q75, q97.5
a, 1.01334269779, 0.0163848220323, 0.000702877745498, 0.983538105387, 1.04653840618, 0.97966455521, 1.00301759777, 1.01343694698, 1.02350261547, 1.04443994001
sigma1, 20.1219005886, 0.271990709884, 0.0105911259945, 19.6025113042, 20.6736132742, 19.5782568741, 19.9220248702, 20.1371728578, 20.3026827514, 20.6618286917
v01, -10.0910732547, 3.59682463242, 0.124292042673, -17.0195787042, -2.96504364563, -17.2365104449, -12.3201100894, -10.105751388, -7.53427195157, -3.12033475906
A1, 70.8820179463, 6.31051464639, 0.233174381938, 59.4737047056, 83.6817716722, 58.3770366842, 66.4847437105, 70.7316600004, 75.1947703612, 83.1083974063
Osc, 0.25103141
GAMMA, 326400000.0